Sample,AA,Treatment
TAD2,2.618244955,Disease
TAD3,2.652769901,Disease
TAD4,1.564251157,Disease
TAD7,2.725990948,Disease
TAD9,1.061916435,Disease
TAD10,5.101545727,Disease
TAH1,0.257337701,Health
TAH2,0.999833071,Health
TAH3,1.00E-04,Health
TAH4,0.01971163,Health
TAH5,1.00E-04,Health
TAH6,0.055040686,Health
TAH7,1.419370183,Health
TAH8,1.344826732,Health
TAH10,0.314700374,Health
