Group,Mean,Error
BACDIS,1833.294928,1079.897876
BACHEA,857.8407632,639.4251314
FUNDIS,1399.99836,464.7558053
FUNHEA,343.4751403,263.2703852
