Sample,RA,Treatment
TAD2,12.48093191,Disease
TAD3,14.73215685,Disease
TAD4,12.96290841,Disease
TAD7,16.96878283,Disease
TAD9,15.03159703,Disease
TAD10,43.07953396,Disease
TAH1,23.56053404,Health
TAH2,13.73060552,Health
TAH3,0,Health
TAH4,1.272534464,Health
TAH5,0,Health
TAH6,4.038609103,Health
TAH7,19.18399507,Health
TAH8,33.45600535,Health
TAH10,18.33934105,Health
